group,n,intercept,coef_T,se_T,t_stat,p_value,r_squared
SI,1196,-0.025255349670594833,-0.07589357003301107,0.01993383136935498,-3.807274609018971,0.00014764293479074258,0.011994535245041578
GC,1121,0.04467929627681477,-0.41237589446639134,0.021415131377186432,-19.25628599718496,1.3578468422690505e-71,0.24889476294355806
Pooled,2317,-0.03134126294628969,-0.11743918704881934,0.013653189977012042,-8.60159327208897,1.424624302614505e-17,0.03097019540884878
