group,n,intercept,coef_T,se_T,t_stat,p_value,r_squared
SI,1345,0.018536853644311554,-0.15070262244579075,0.016896585856616457,-8.919116780433948,1.5024513525904563e-18,0.055921133261966814
GC,1326,0.04497784428863509,-0.40453650299614624,0.01662335391579273,-24.33543225063766,2.0285729902095896e-108,0.30905394212342624
Pooled,2671,-0.0008290271832083612,-0.17350188348101853,0.011436074168054165,-15.171454900640931,6.227362085017904e-50,0.0793926544999592
