group,n,intercept,coef_T,se_T,t_stat,p_value,r_squared
SI,1196,-0.025042841651727814,-0.07595516388909118,0.019932209116478392,-3.810674644502771,0.00014565104708703634,0.012015710399332044
GC,1121,0.04467929627681477,-0.41237589446639134,0.021415131377186432,-19.25628599718496,1.3578468422690505e-71,0.24889476294355806
Pooled,2317,-0.03209858161667969,-0.11537487682906199,0.013596594132441386,-8.485571879635524,3.772216665682759e-17,0.03016538810445889
