group,n,intercept,coef_T,se_T,t_stat,p_value,r_squared
SI,1093,-0.01081649276297214,-0.10134764393755295,0.021197937728148472,-4.781014324944199,1.9828505709115393e-06,0.020521552984954897
GC,1121,0.04467929627681472,-0.4123758944663913,0.02141513137718643,-19.25628599718496,1.3578468422690505e-71,0.24889476294355806
Pooled,2214,-0.027110887908484455,-0.12853822546688387,0.014055368740657447,-9.145133638156791,1.3117331327579383e-19,0.03643154291817998
