underlying,subset,excluded_strikes,n_excluded,n,mean_delta,std_delta,t_stat,p_value,ci_lo_95,ci_hi_95,reject_H0
GC,all_strikes,,0,1326,-0.08941928335684564,0.11055113807356998,-29.453691193875244,4.310246158990955e-147,-0.09537503312341603,-0.08346353359027525,True
GC,excl_extreme_otm,"$7000, $8000",218,1108,-0.09409282373971514,0.11391173457263917,-27.495265464002326,2.8136873401647395e-127,-0.10080744889078044,-0.08737819858864984,True
SI,all_strikes,,0,1345,-0.05285180103519506,0.09385446876300621,-20.65218361911673,1.6124405569759458e-82,-0.057872141687863574,-0.047831460382526544,True
SI,excl_extreme_otm,"$120, $140",223,1122,-0.054732219571818376,0.09471068274144141,-19.357110164500472,3.0230937574569406e-72,-0.06028000672264977,-0.04918443242098698,True
