underlying,subset,excluded_strikes,n_excluded,n,mean_delta,std_delta,t_stat,p_value,ci_lo_95,ci_hi_95,reject_H0
GC,all_strikes,,0,1121,-0.10265187270556386,0.1120912268615652,-30.66182922073085,2.1189918587162642e-150,-0.10922067947900262,-0.09608306593212511,True
GC,excl_extreme_otm,"$7000, $8000",192,929,-0.10854141514252183,0.11522161069227661,-28.712393317187377,3.0028385317947377e-130,-0.11596033997991635,-0.10112249030512731,True
SI,all_strikes,,0,1196,-0.06442281197064019,0.09124803457255326,-24.416406588096045,3.80824381445302e-107,-0.06959942991719831,-0.05924619402408207,True
SI,excl_extreme_otm,"$120, $140",199,997,-0.06758967743240363,0.09067883265207378,-23.53542430513855,9.660798458947326e-98,-0.07322520408549729,-0.061954150779309956,True
