underlying,subset,excluded_strikes,n_excluded,n,mean_delta,std_delta,t_stat,p_value,ci_lo_95,ci_hi_95,reject_H0
GC,all_strikes,,0,1326,-0.08939206574703397,0.11050645871046019,-29.45663095344851,4.090256262793889e-147,-0.09534540849083599,-0.08343872300323195,True
GC,excl_extreme_otm,"$7000, $8000",218,1108,-0.09406997987750551,0.11386171445793797,-27.50066605941497,2.575758042764466e-127,-0.10078165654989571,-0.08735830320511531,True
SI,all_strikes,,0,1345,-0.055033531237250105,0.09352925576358041,-21.579483408885647,6.43207638749761e-89,-0.06003647602093857,-0.05003058645356164,True
SI,excl_extreme_otm,"$120, $140",223,1122,-0.05741871799273018,0.09426655961154759,-20.402917002604887,6.1481758068436e-79,-0.06294049012052412,-0.05189694586493624,True
