underlying,n,hac_maxlags,mean_delta,plain_t_stat,plain_p_value,hac_t_stat,hac_p_value,reject_H0_plain,reject_H0_hac
GC,1326,5,-0.08939206574703396,-29.45663095344851,4.090256262793889e-147,-15.890253537757129,3.5496676044180855e-52,True,True
GC,1326,10,-0.08939206574703396,-29.45663095344851,4.090256262793889e-147,-12.283681425899696,6.354766860376978e-33,True,True
GC,1326,20,-0.08939206574703396,-29.45663095344851,4.090256262793889e-147,-9.328104645902924,4.37323081565752e-20,True,True
SI,1345,5,-0.055033531237250126,-21.579483408885647,6.43207638749761e-89,-14.584638688245539,7.731444627548372e-45,True,True
SI,1345,10,-0.055033531237250126,-21.579483408885647,6.43207638749761e-89,-11.91693139863587,3.385091378850085e-31,True,True
SI,1345,20,-0.055033531237250126,-21.579483408885647,6.43207638749761e-89,-9.623950652480536,3.0121369895133584e-21,True,True
