underlying,n_obs,n_permutations,observed_mean_delta,null_mean,null_std,null_ci_lo_95,null_ci_hi_95,n_extreme,empirical_p_value
GC,1326,1000,-0.08941928335684565,-0.000175452142760186,0.008281036396125038,-0.01665101832399629,0.016379540512982415,0,0.0
SI,1345,1000,-0.052851801035195156,0.00022425127902101855,0.00960070248929859,-0.017817466904960562,0.018618574912229433,0,0.0
