underlying,n_obs,n_permutations,observed_mean_delta,null_mean,null_std,null_ci_lo_95,null_ci_hi_95,n_extreme,empirical_p_value
GC,1326,1000,-0.08939206574703396,-0.00017531263937435308,0.008276748715952855,-0.01663522290629104,0.016373156552946293,0,0.0
SI,1345,1000,-0.05503353123725019,0.0002289112437330803,0.00953866311478672,-0.01773847528755835,0.01854558198942597,0,0.0
