underlying,n_obs,n_permutations,observed_mean_delta,null_mean,null_std,null_ci_lo_95,null_ci_hi_95,n_extreme,empirical_p_value
GC,1121,1000,-0.10265187270556386,-6.713611634743577e-05,0.00885312320513678,-0.018135956888766503,0.017643003619019694,0,0.0
SI,1196,1000,-0.06442281197064026,-0.0003180066639741362,0.009428898465304376,-0.01826842133964037,0.01829824391920133,0,0.0
