underlying,n_obs,n_permutations,observed_mean_delta,null_mean,null_std,null_ci_lo_95,null_ci_hi_95,n_extreme,empirical_p_value
GC,1121,1000,-0.10265187270556386,-6.713611634743577e-05,0.00885312320513678,-0.018135956888766503,0.017643003619019694,0,0.0
SI,1196,1000,-0.06439545824211629,-0.0003180715311588248,0.009429662900666968,-0.018268362051129992,0.01830003310893299,0,0.0
