underlying,regime,median_iv,n,mean_delta,std_delta,t_stat,p_value,ci_lo_95,ci_hi_95,reject_H0
GC,low-IV,0.2944059033953657,663,-0.11322783231713011,0.1281114576184761,-22.75736550584302,3.915887243075435e-85,-0.12299737064622739,-0.10345829398803284,True
GC,high-IV,0.2944059033953657,663,-0.0655562991769378,0.08301356467800282,-20.33396770591943,8.766127833052803e-72,-0.07188675717837562,-0.05922584117549998,True
SI,low-IV,0.5427716177599988,673,-0.04916656169647216,0.09638268607859449,-13.233610408198459,1.0791321707040607e-35,-0.05646151454819497,-0.04187160884474935,True
SI,high-IV,0.5427716177599988,672,-0.060909231387463715,0.09027154147938371,-17.49109091492042,1.0095242577778967e-56,-0.06774674786311823,-0.05407171491180921,True
