underlying,regime,median_iv,n,mean_delta,std_delta,t_stat,p_value,ci_lo_95,ci_hi_95,reject_H0
GC,low-IV,0.33911383578263443,663,-0.12796576011654615,0.12587488166119834,-26.176493495798265,3.151818001342785e-104,-0.1375647413780185,-0.11836677885507381,True
GC,high-IV,0.33911383578263443,663,-0.05087280659714514,0.0751061470949095,-17.44082315823353,2.4566072689168983e-56,-0.056600259835400346,-0.04514535335888993,True
SI,low-IV,0.7937144475764125,673,-0.07859719186872524,0.09849526948817987,-20.70137483538655,5.09909378775619e-74,-0.08605204062079358,-0.0711423431166569,True
SI,high-IV,0.7937144475764125,672,-0.02706809860816261,0.0812232169597582,-8.638974659934908,4.130878845983115e-17,-0.03322025991023633,-0.02091593730608889,True
