underlying,regime,median_iv,n,mean_delta,std_delta,t_stat,p_value,ci_lo_95,ci_hi_95,reject_H0
GC,low-IV,0.29241722712376533,561,-0.12459786781092906,0.12818295935637417,-23.022991184950286,4.8994418051166316e-83,-0.13522794954295034,-0.1139677860789078,True
GC,high-IV,0.29241722712376533,560,-0.08066668832322481,0.0880114327399679,-21.689480518678455,3.780449613534706e-76,-0.08797192852741446,-0.07336144811903515,True
SI,low-IV,0.5476735787203088,598,-0.06376324918876279,0.09233776794498522,-16.88657833740005,1.3818404979271046e-52,-0.0711790529257994,-0.05634744545172617,True
SI,high-IV,0.5476735787203088,598,-0.0650823747525176,0.0902176228583502,-17.6409757742449,2.267494793827036e-56,-0.07232790601918332,-0.057836843485851885,True
